,before,word,after
0, Biomarkers in Cardiorenal Syndrome ,reported in, the CKD subgroup (114)
1, Small studies ,have demonstrated, urinary Frontiers in Cardiovascular Medicine | www
2," In CRS, biomarkers may assist ",our understanding of the, interaction of heart-kidney injury
3, ,"Indeed,"," for the diagnosis of AKI in 529 critically ill patients in the intensive care unit, cystatin-C, interleukin-18 (IL-18), NGAL, kidney injury molecule-1 (KIM-1), and g-glutamyltranspeptidase demonstrated optimal performance earlier ( 12 h after injury) in patients with preserved kidney function (eGFR 60 ml/min) and later (12‚Äì36 h after injury) in patients with reduced kidney function (eGFR <60 ml/min) (43)"
4, ,validation of, cell-cycle arrest biomarkers for acute kidney injury using clinical adjudication
5, Discovery and ,validation of, cell cycle arrest biomarkers in human acute kidney injury
6,", 48‚Äì72 h after AKI or after 50% of function is lost chronically), is non-speciÔ¨Åc to the ",underlying," disease process, and is aÔ¨Äected by clinical characteristics (e"
7, Urinary biomarkers in the clinical prognosis and early ,detection of, acute kidney injury
8, Comparative analysis of urinary biomarkers for early ,detection of, acute kidney injury following cardiopulmonary bypass
9, ,"Of note,"," biomarker performance will depend on kidney function, timing of collection and type of cardiorenal syndrome"
10, These diÔ¨Äerences highlight ,The importance of, considering time and baseline kidney function when assessing biomarkers
11, Type I cardiorenal syndrome in patients with acutely decompensated heart failure: ,The importance of, new renal biomarkers
12," While NGAL has been extensively studied as a marker of renal tubular injury, it also plays a role in mineralocorticoid",-mediated, cardiovascular Ô¨Åbrosis
13,73Type 1 and 2 CRS: -All-cause death: 2‚Äì3 timesNo No 19‚Äì28 Plasma galectin-3 Involved in RAAS,-mediated, collagen deposition by Ô¨Åbroblasts
14,"6‚Äì2 timesYes RAAS inhibitors, MRAs 30‚Äì33 Plasma proenkephalin AInvolved in opioid receptor",-mediated, negative inotropic effects
15,84Unclear No No 71‚Äì72 Novel biomarkers Plasma TSP-1 Binds to CD47 to limit nitric oxide,-mediated, vasodilationAMI: -HF: 0
16," Loop diuretics remain the Ô¨Årst-line treatment for Ô¨Çuid removal in HF, however, animal studies raise concerns regarding frusemide",-mediated, RAAS activation and subsequent myocardial and renal Ô¨Åbrosis (3)
17, While aldosterone,-mediated," Ô¨Åbrosis in CRS suggest RAAS inhibitors and mineralocorticoid receptor antagonists may be beneÔ¨Åcial, the risk of hyperkalemia or AKI may limit their use (74)"
18, Thrombospondin-1 (TSP-1)/CD47 Axis TSP-1 is a 480 kDa matricellular protein secreted by tissue in response to hypoxia and binds to the ubiquitously expressed CD47 to limit nitric oxide (NO),-mediated," vasodilation, thereby limiting tissue perfusion (75, 76)"
19, Restoration of the glycocalyx using a novel selectin- targeting glycocalyx mimetic (DS-IkL) reduced selectin,-mediated," neutrophil and macrophage inÔ¨Åltration, endothelial cell and Ô¨Åbroblast proliferation, and cardiac Ô¨Åbrosis after myocardial infarction in mice (96)"
20, RNAi,-mediated, down-regulation of CD47 protects against ischemia/reperfusion-induced myocardial damage via activation of eNOS in a rat model
21," Biomarkers in Cardiorenal Syndrome CLASSIFICATION OF CARDIORENAL SYNDROME Currently, CRS is classiÔ¨Åed into 5 diÔ¨Äerent subtypes ",based on, the perceived primary precipitant of organ injury: (10) 1
22," In the Renal Optimization Strategies Evaluation‚ÄìAcute Heart Failure (ROSE-HF) trial, protocol-driven aggressive diuresis caused worsening of renal function (WRF), ",based on," 20% decrease in eGFR using cystatin C, in 21% of participants but was not associated with an increase in kidney tubular injury markers (29)"
23, We have outlined the pathways which each biomarker is associated with as well as indicated biomarkers with the most clinical applicability ,based on, the evidence quality of existing literature (underline) vs
24," Lastly, urinary NGAL performed 2 days after hospitalization for acute HF diÔ¨Äerentiated true WRF from pseudo-WRF ",based on, AKI with or without clinical improvement (AUC-ROC 0
25, BIOMARKERS OF CELL CYCLE ARREST Tissue Inhibitor of Metalloproteinase-2 x Insulin-Like Growth Factor-Binding Protein-7 [TIMP2] [IGFBP7] TIMP2 and IGFBP7 are involved in G1 cell-cycle arrest during early phases of cell injury and the product of urinary TIMPIGFBP7 concentrations (NephroCheck) is the Ô¨Årst Food and Drug Administration-approved test to assess the risk of AKI ,based on, studies in critically ill patients in the intensive care unit (68‚Äì70)
26," The use, distribution or reproduction in other forums is ",permit,"ted, provided the original author(s) and the copyright owner(s) are credited and that the original publication in this journal is cited, in accordance with accepted academic practice"
27," No use, distribution or reproduction is ",permit,ted which does not comply with these terms
28, These diÔ¨Äerences highlight ,the importance of, considering time and baseline kidney function when assessing biomarkers
29, Type I cardiorenal syndrome in patients with acutely decompensated heart failure: ,the importance of, new renal biomarkers
30, Current studies of biomarkers in CRS have largely ,focused, on prognostication and clinical translation has been limited by sparse data comparing them to traditional biomarkers such as serum creatinine
31, 2017 ACC/AHA/HFSA ,focused, update of the 2013 ACCF/AHA guideline for the management of heart failure: a report of the American college of cardiology/American heart association task force on clinical practice guidelines and the heart failure society of America
32," Utility of amino-terminal pro-brain natriuretic peptide, galectin-3, and apelin for the ",evaluation of, patients with acute heart failure
33,", plasma cystatin-C and proenkephalin A) may be inform in CRS type 2, plasma galectin-3 may inform in both CRS type 2 and 4 since it is both a marker of GFR and cardiac Ô¨Åbrosis, and CRS type 5 ",likely, requires a combination of biomarkers since it reÔ¨Çects simultaneous heart and kidney injury
34, While treatments exist to ,reduce, albuminuria [e
35," NGAL knockout mice demonstrated blunted vascular Ô¨Åbrosis in response to an aldosterone-salt challenge, and ",reduce,"d cardiac Ô¨Åbrosis, inÔ¨Çammation and left ventricular dysfunction in a myocardial infarction model (36, 37)"
36," Indeed, for the diagnosis of AKI in 529 critically ill patients in the intensive care unit, cystatin-C, interleukin-18 (IL-18), NGAL, kidney injury molecule-1 (KIM-1), and g-glutamyltranspeptidase demonstrated optimal performance earlier ( 12 h after injury) in patients with preserved kidney function (eGFR 60 ml/min) and later (12‚Äì36 h after injury) in patients with ",reduce,d kidney function (eGFR <60 ml/min) (43)
37,"3 times Chronic HF: -All-cause death or hospitalization: 2 times (HFpEF) -Not prognostic for HFrEFYes Glycocalyx-protective treatments (albumin, sulodexide, FFP , steroids, etanercept, statins, metformin, heparin)94‚Äì95, 97‚Äì111 Plasma IL-1 b Marker of injury from NLRP3-inÔ¨Çammasome on cardiac myocytes and renal tubular cellsUnclear Unclear Yes Anti-IL-1 bblockade (canakinumab) in human CV disease113 CRS, cardiorenal syndrome; AUC-ROC, area under the receiver operating characteristic curve; AKI, acute kidney injury; CV, cardiovascular; HF, heart failure; RAAS, renin-angiotensin-aldosterone system; MRA, mineralocorticoid receptor antagonists; SGLT2, sodium-glucose co-transporter 2; GFR, glomerular Ô¨Åltration rate; NGAL, neutrophil gelatinase-associated lipocalin; KIM-1, kidney injury molecule-1; L-FABP, liver fatty acid-binding protein; NAG, N-acetyl-beta- D-glucosaminidase; cTnT, cardiac troponin T; AMI, acute myocardial infarction; CKD, chronic kidney disease; BNP , brain natriuretic peptide; NT-proBNP , N-terminal pro-brain natriuretic peptide; IL, interleukin; GDF-15, growth differentiation factor 15; ST2, suppressor of tumorigenicity 2; TIMP2, tissue inhibitor of metalloproteinases-1 and -2; IGFBP7, insulin-like growth factor-binding protein-7; TSP-1, thrombospondin-1; HFpEF, heart failure with preserved ejection fraction; HFrEF, heart failure with ",reduce,"d ejection fraction; FFP , fresh frozen plasma"
38, L-FABP is located on the renal proximal tubular cells may ,reduce, oxidative stress by binding fatty acid oxidation products (57)
39, While troponin levels are elevated in people with CKD due to ,reduce,"d plasma clearance, elevated cTNT was associated with a 2‚Äì6-fold increased risk of cardiovascular events, (60, 61) but not all-cause death after adjusting for kidney function (62)"
40," CD47 inhibition ameliorated myocardial infarction in mice and rats by enhancing myocardial phagocytosis, resolving monocyte inÔ¨Åltration, increasing endothelial nitric oxide synthase activity and reducing oxidative stress, resulting in ",reduce,"d infarct size, reduced cardiac Ô¨Åbrosis, and improved left ventricular ejection fraction (86, 87)"
41, Anti- CD47 blockade also successfully ameliorated kidney Ô¨Åbrosis in a renal IRI model and ,reduce,"d expression of Ô¨Åbrosis markers such as transforming growth factor (TGF)- b, SMAD2 and connective tissue growth factor (85)"
42," More relevant to CRS, microRNA-221 inhibits TSP-1 upregulation, ",reduce,"s TGF- b1- mediated cardiac Ô¨Åbrosis, and improves cardiac function and survival in 5/6 nephrectomy rats, a model of CKD (88)"
43," In chronic HF, elevated serum syndecan-1 was prognostic in HF with preserved ejection fraction (2-fold increased risk of all-cause death or hospitalization) but not HF with ",reduce,d ejection fraction (95)
44, Restoration of the glycocalyx using a novel selectin- targeting glycocalyx mimetic (DS-IkL) ,reduce,"d selectin-mediated neutrophil and macrophage inÔ¨Åltration, endothelial cell and Ô¨Åbroblast proliferation, and cardiac Ô¨Åbrosis after myocardial infarction in mice (96)"
45," Canakinumab, a humanized monoclonal antibody targeting IL-1 b, ",reduce,"d cardiovascular events by 15% in 10,061 patients with previous myocardial infarction though at the cost of increased fatal infections (113)"
46, Tubular damage in chronic systolic heart failure is associated with ,reduce,d survival independent of glomerular Ô¨Åltration rate
47, Biomarkers in Cardiorenal Syndrome ,reduce,d and preserved ejection fraction
48," Lastly, urinary NGAL performed 2 days after hospitalization for acute HF diÔ¨Äerentiated true WRF from pseudo-WRF based on AKI ",with or without, clinical improvement (AUC-ROC 0
49,", cardiogenic shock or acute decompensation of chronic HF) ",resulting in, acute kidney injury (AKI)
50," Galectin-3 Galectin-3 is a 30-kDa glycoprotein synthesized by cardiac macrophages in response to angiotensin II and aldosterone, which mediates collagen deposition by Ô¨Åbroblasts ",resulting in, cardiac Ô¨Åbrosis (12)
51," CD47 inhibition ameliorated myocardial infarction in mice and rats by enhancing myocardial phagocytosis, resolving monocyte inÔ¨Åltration, increasing endothelial nitric oxide synthase activity and reducing oxidative stress, ",resulting in," reduced infarct size, reduced cardiac Ô¨Åbrosis, and improved left ventricular ejection fraction (86, 87)"
52,"Cystatin-C Cystatin-C, a 13-kDa cysteine protease inhibitor, is produced at a constant rate by all nucleated cells and is freely Ô¨Åltered ",through the," glomerulus, almost completely reabsorbed, and not secreted by the renal tubules"
53, ,however,", no treatments exist to inhibit NGAL for evaluation in CRS"
54, ,however,", interventions in CRS remain limited and few existing biomarkers (e"
55," Loop diuretics remain the Ô¨Årst-line treatment for Ô¨Çuid removal in HF, ",however,", animal studies raise concerns regarding frusemide-mediated RAAS activation and subsequent myocardial and renal Ô¨Åbrosis (3)"
56," In CRS, biomarkers may assist our understanding of the ",interaction, of heart-kidney injury
57," BIOMARKERS OF DAMAGE Kidney Tubule: Neutrophil Gelatinase-Associated Lipocalin Neutrophil gelatinase-associated lipocalin (NGAL) is a 25- kDa protein secreted by immature neutrophils, epithelial cells (",including, renal tubular epithelium) and cardiomyocytes in response to inÔ¨Çammation
58," In patients undergoing cardiac surgery, combining urinary L-FABP and NAG at 4 h after surgery with pre-operative clinical factors (",including," demographics, comorbidities and serum creatinine) improved AKI prediction compared to pre-operative clinical factors alone (AUC-ROC 0"
59," All authors contributed to important intellectual content during manuscript drafting or revision and agrees to be personally accountable for the individual‚Äôs own contributions and to ensure that questions pertaining to the accuracy or integrity of any portion of the work, even one in which the author was not directly involved, are appropriately investigated and resolved, ",including, with documentation in the literature if appropriate
60,05) and ,was associated with a, 14-fold increased risk of all-cause death or HF hospitalization in multivariate analysis (30)
61,"93), (22) ",was associated with a," 5-fold risk of AKI, (46) but failed to predict AKI-to-CKD transition (47)"
62, lowest tertile) ,was associated with a," doubling of 3-year mortality risk, independent of post-operative AKI (52)"
63," In acute HF, elevated urinary IL-18 ",was associated with a, 3
64,"73 at 24 h), (56) which was superior to clinical models using eGFR, (42) and ",was associated with a, modest 1
65," While troponin levels are elevated in people with CKD due to reduced plasma clearance, elevated cTNT ",was associated with a," 2‚Äì6-fold increased risk of cardiovascular events, (60, 61) but not all-cause death after adjusting for kidney function (62)"
66,"788), and ",was associated with a, 1
67," In this review, we assess the utility of biomarkers that correlate with kidney and cardiac (dys)function, inÔ¨Çammation/oxidative stress, Ô¨Åbrosis, and cell cycle arrest, as well as emerging novel biomarkers (thrombospondin-1/CD47, glycocalyx and interleukin-1 b) that may provide prediction and prognostication of cardiorenal syndrome, and guide potential ",development of, targeted therapeutics
68, Neutrophil gelatinase-associated lipocalin concentrations predict ,development of, acute kidney injury in neonates and children after cardiopulmonary bypass
69, Anti- CD47 blockade also successfully ameliorated kidney Ô¨Åbrosis in a renal IRI model and reduced ,Expression of," Ô¨Åbrosis markers such as transforming growth factor (TGF)- b, SMAD2 and connective tissue growth factor (85)"
70," Indeed, for the diagnosis of AKI in 529 critically ill patients in the intensive care unit, cystatin-C, interleukin-18 (IL-18), NGAL, kidney injury molecule-1 (KIM-1), and g-glutamyltranspeptidase demonstrated optimal performance earlier ( 12 h after injury) ",in patients with, preserved kidney function (eGFR 60 ml/min) and later (12‚Äì36 h after injury) in patients with reduced kidney function (eGFR <60 ml/min) (43)
71," Cystatin C, a novel measure of renal function, is an independent predictor of cardiac events ",in patients with, heart failure
72, Urinary levels of novel kidney biomarkers and risk of true worsening renal function and mortality ,in patients with, acute heart failure
73, Worsening renal function ,in patients with, acute heart failure undergoing aggressive diuresis is not associated with tubular injury
74," Proenkephalin, renal dysfunction, and prognosis ",in patients with, acute heart failure: a GREAT network study
75, Prognostic value of plasma neutrophil gelatinase- associated lipocalin for mortality ,in patients with, heart failure
76, Type I cardiorenal syndrome ,in patients with, acutely decompensated heart failure: the importance of new renal biomarkers
77, Fibrosis marker syndecan-1 and outcome ,in patients with, heart failure with Frontiers in Cardiovascular Medicine | www
78, EÔ¨Äect of sulodexide on endothelial glycocalyx and vascular permeability ,in patients with, type 2 diabetes mellitus
79,", vascular endothelial cells and renal proximal tubular cells) in response to tissue injury via",activation of the," NLRP3- inÔ¨Çammasome, which causes programmed cell death in both cardiomyocytes and renal tubular cells (53‚Äì55)"
80," Interleukin-1 b(IL-1 b) Similar to IL-18, IL-1 bis involved in ",activation of the, NLRP3- inÔ¨Çammasome in myocardial and kidney injury
81, Pooled ,Analysis of, chronic HF trials (mean eGFR 54‚Äì58 ml/min/1
82, In a meta-,Analysis of," NGAL in diagnosing AKI, subgroup analysis of 10 studies reporting cardiac surgery-related AKI demonstrated plasma and/or urinary NGAL moderately predicted AKI (AUC-ROC 0"
83, In microarray ,Analysis of," peripheral blood samples, TSP-1 outperformed BNP and cTnT at predicting HF after myocardial infarction (AUC-ROC 0"
84, Comparative ,Analysis of, urinary biomarkers for early detection of acute kidney injury following cardiopulmonary bypass
85, Elevated plasma galectin-3 is associated with near-term rehospitalization in heart failure: a pooled ,Analysis of, 3 clinical trials
86," While this classiÔ¨Åcation system is clinical intuitive, it may be diÔ¨Écult ",to identify, the initial insult
87," Therefore, further research is required ",to identify, the type and timing of biomarker(s) analysis in the prediction and prognostication of cardiorenal syndrome
88, Key suggestions for biomarker use from the 23rd Acute Disease Quality Initiative meeting included combining damage and functional biomarkers ,to identify," patients at high- risk of AKI, to improve the diagnostic accuracy of AKI, discriminate AKI etiology, and to assess AKI severity (73)"
89, Integrated protein network and microarray analysis ,to identify, potential biomarkers after myocardial infarction
90," In both acute and chronic HF, ",elevated," plasma or urinary cystatin-C was associated with a 2‚Äì3-fold increased risk of all-cause death, independent of serum creatinine or eGFR (19‚Äì22)"
91,73 m2) showed ,elevated, galectin-3 was associated with a 1
92," In chronic HF, ",elevated," urinary KIM-1 was modestly associated with a 10‚Äì15% increased risk of all-cause death or HF hospitalization but did not predict AKI nor AKI-to-CKD transition in acute HF (22, 47‚Äì49)"
93," In acute HF, ",elevated, urinary IL-18 was associated with a 3
94," In chronic HF, ",elevated, urinary NAG was also associated with a 1
95, While troponin levels are ,elevated," in people with CKD due to reduced plasma clearance, elevated cTNT was associated with a 2‚Äì6-fold increased risk of cardiovascular events, (60, 61) but not all-cause death after adjusting for kidney function (62)"
96, While NT-proBNP is ,elevated," in people with CKD, elevated NT-proBNP was still associated with a 1"
97," In acute HF, ",elevated, serum syndecan-1 at hospital admission predicted AKI (AUC-ROC 0
98," In chronic HF, ",elevated, serum syndecan-1 was prognostic in HF with preserved ejection fraction (2-fold increased risk of all-cause death or hospitalization) but not HF with reduced ejection fraction (95)
99, Prevalence and prognostic value of ,elevated, urinary albumin excretion in patients with chronic heart failure: data from the GISSI-heart failure trial
100, ,elevated, plasma galectin-3 is associated with near-term rehospitalization in heart failure: a pooled analysis of 3 clinical trials
101,", renin-angiotensin-aldosterone system (RAAS) inhibitors], whether targeting albuminuria ",improve,s prognosis in CRS requires further study
102," In a large cohort study of adults undergoing cardiac surgery, plasma (but not urinary) NGAL signiÔ¨Åcantly ",improve,"d risk prediction of AKI over the clinical models using demographic factors, surgical factors, eGFR and patient comorbidities (42)"
103, Biomarkers in Cardiorenal Syndrome Plasma NGAL kinetics may also ,improve, its ability to predict AKI (AUC-ROC 0
104," Lastly, urinary NGAL performed 2 days after hospitalization for acute HF diÔ¨Äerentiated true WRF from pseudo-WRF based on AKI with or without clinical ",improve,ment (AUC-ROC 0
105," In patients undergoing cardiac surgery, combining urinary L-FABP and NAG at 4 h after surgery with pre-operative clinical factors (including demographics, comorbidities and serum creatinine) ",improve,d AKI prediction compared to pre-operative clinical factors alone (AUC-ROC 0
106, NT-proBNP kinetics may have ,improve,d clinical utility in the CKD population with a doubling of NT-proBNP associated with a 1
107," Key suggestions for biomarker use from the 23rd Acute Disease Quality Initiative meeting included combining damage and functional biomarkers to identify patients at high- risk of AKI, to ",improve," the diagnostic accuracy of AKI, discriminate AKI etiology, and to assess AKI severity (73)"
108," CD47 inhibition ameliorated myocardial infarction in mice and rats by enhancing myocardial phagocytosis, resolving monocyte inÔ¨Åltration, increasing endothelial nitric oxide synthase activity and reducing oxidative stress, resulting in reduced infarct size, reduced cardiac Ô¨Åbrosis, and ",improve,"d left ventricular ejection fraction (86, 87)"
109," More relevant to CRS, microRNA-221 inhibits TSP-1 upregulation, reduces TGF- b1- mediated cardiac Ô¨Åbrosis, and ",improve,"s cardiac function and survival in 5/6 nephrectomy rats, a model of CKD (88)"
110, ,improve,d performance of urinary biomarkers of acute kidney injury in the critically ill by stratiÔ¨Åcation for injury duration and baseline renal function
111, Albumin augmentation ,improve,s condition of guinea pig hearts after 4 hr of cold ischemia
112," Indeed, for the diagnosis of AKI in 529 ",Critically," ill patients in the intensive care unit, cystatin-C, interleukin-18 (IL-18), NGAL, kidney injury molecule-1 (KIM-1), and g-glutamyltranspeptidase demonstrated optimal performance earlier ( 12 h after injury) in patients with preserved kidney function (eGFR 60 ml/min) and later (12‚Äì36 h after injury) in patients with reduced kidney function (eGFR <60 ml/min) (43)"
113, BIOMARKERS OF CELL CYCLE ARREST Tissue Inhibitor of Metalloproteinase-2 x Insulin-Like Growth Factor-Binding Protein-7 [TIMP2] [IGFBP7] TIMP2 and IGFBP7 are involved in G1 cell-cycle arrest during early phases of cell injury and the product of urinary TIMPIGFBP7 concentrations (NephroCheck) is the Ô¨Årst Food and Drug Administration-approved test to assess the risk of AKI based on studies in ,Critically, ill patients in the intensive care unit (68‚Äì70)
114, Improved performance of urinary biomarkers of acute kidney injury in the ,Critically, ill by stratiÔ¨Åcation for injury duration and baseline renal function
115," Proteinuria, chronic kidney disease, and the eÔ¨Äect of an angiotensin receptor blocker ",In addition to, an angiotensin-converting enzyme inhibitor in patients with moderate to severe heart failure
116,au Specialty section: Th,is a,"rticle was submitted to General Cardiovascular Medicine, a section of the journal Frontiers in Cardiovascular Medicine Received: 03 February 2022 Accepted: 29 April 2022 Published: 20 May 2022 Citation: Chung EYM, Trinh K, Li J, Hahn SH, Endre ZH, Rogers NM and Alexander SI (2022) Biomarkers in Cardiorenal Syndrome and Potential Insights Into Novel Therapeutics"
117, Combined HF and CKD ,is a,ssociated with high morbidity and mortality (4‚Äì9)
118,", 48‚Äì72 h after AKI or after 50% of function is lost chronically), is non-speciÔ¨Åc to the underlying disease process, and ",is a,Ô¨Äected by clinical characteristics (e
119, BIOMARKERS OF FUNCTION (GLOMERULAR FILTRATION AND INTEGRITY) Albuminuria Albuminuria ,is a," cheap and widely available biomarker, which may not only reÔ¨Çect glomerular injury but also endothelial dysfunction (14)"
120, Galectin-3 Galectin-3 ,is a," 30-kDa glycoprotein synthesized by cardiac macrophages in response to angiotensin II and aldosterone, which mediates collagen deposition by Ô¨Åbroblasts resulting in cardiac Ô¨Åbrosis (12)"
121, Plasma galectin-3 levels are also inversely related to renal function and therefore represents a biomarker for both cardiac Ô¨Åbros,is a,nd GFR
122, Proenkephalin A Proenkephalin A ,is a,n endogenous opioid secreted by cardiac cells and mediates negative inotropic eÔ¨Äects viathe delta opioid receptor
123, We have outlined the pathways which each biomarker ,is a,ssociated with as well as indicated biomarkers with the most clinical applicability based on the evidence quality of existing literature (underline) vs
124, BIOMARKERS OF DAMAGE Kidney Tubule: Neutrophil Gelatinase-Associated Lipocalin Neutrophil gelatinase-associated lipocalin (NGAL) ,is a," 25- kDa protein secreted by immature neutrophils, epithelial cells (including renal tubular epithelium) and cardiomyocytes in response to inÔ¨Çammation"
125, Kidney Tubule: Kidney Injury Molecule-1 Kidney injury molecule-1 (KIM-1) ,is a," transmembrane glycoprotein with immunoglobulin and mucin domains, which is expressed by renal proximal tubule epithelium in response to injury and facilitates phagocytosis of apoptotic tubular cells"
126, Kidney Tubule: IL-18 Interleukin-18 (IL-18) ,is a,n 18-kDa pro-inÔ¨Çammatory cytokine produced by immune cells (e
127, NAG ,is a," large lysosomal brush border enzyme ( >130 kDa), predominantly expressed on proximal tubular cells, and is not freely Ô¨Åltered"
128, Thrombospondin-1 (TSP-1)/CD47 Axis TSP-1 ,is a," 480 kDa matricellular protein secreted by tissue in response to hypoxia and binds to the ubiquitously expressed CD47 to limit nitric oxide (NO)-mediated vasodilation, thereby limiting tissue perfusion (75, 76)"
129, Syndecan-1 The glycocalyx ,is a, 0
130," Restoration of the glycocalyx using a novel selectin- targeting glycocalyx mimetic (DS-IkL) reduced selectin-mediated neutrophil and macrophage inÔ¨Åltration, endothelial cell and Ô¨Åbroblast proliferation, and cardiac Ô¨Åbros",is a,fter myocardial infarction in mice (96)
131, CONCLUSION Cardiorenal syndrome ,is a,n increasingly common condition in the aging multimorbid population with signiÔ¨Åcant health burden and few eÔ¨Äective treatments
132," Cystatin C, a novel measure of renal function, ",is a,n independent predictor of cardiac events in patients with heart failure
133, Urinary biomarkers in the clinical prognos,is a,nd early detection of acute kidney injury
134, Elevated plasma galectin-3 ,is a,ssociated with near-term rehospitalization in heart failure: a pooled analysis of 3 clinical trials
135," Mart√≠nez-Mart√≠nez E, BuonaÔ¨Åne M, Boukhalfa I, Ibarrola J, Fern√°ndez- Cel",is a,", Kolkhof P , et al"
136, Accuracy of neutrophil gelatinase-associated lipocalin (NGAL) in diagnos,is a,nd prognosis in acute kidney injury: a systematic review and meta-analysis
137, Urinary biomarkers at the time of AKI diagnos,is a,s predictors of progression of AKI among patients with acute cardiorenal syndrome
138, Combination of urinary kidney injury molecule-1 and interleukin-18 as early biomarker for the diagnos,is a,nd progressive assessment of acute kidney injury following cardiopulmonary bypass surgery: a prospective nested case-control study
139, The cleavage of gasdermin D by caspase-11 promotes tubular epithelial cell pyroptos,is a,nd urinary IL- 18 excretion in acute kidney injury
140, Urinary IL-18 ,is a,n early predictive biomarker of acute kidney injury after cardiac surgery
141, Publisher‚Äôs Note: All claims expressed in th,is a,"rticle are solely those of the authors and do not necessarily represent those of their aÔ¨Éliated organizations, or those of the publisher, the editors and the reviewers"
142, Any product that may be evaluated in th,is a,"rticle, or claim that may be made by its manufacturer, is not guaranteed or endorsed by the publisher"
143, This ,is a,n open-access article distributed under the terms of the Creative Commons Attribution License (CC BY)
144,", AKI or glomerulonephritis) ca",Using a,cute cardiac dysfunction (e
145, Restoration of the glycocalyx ,Using a," novel selectin- targeting glycocalyx mimetic (DS-IkL) reduced selectin-mediated neutrophil and macrophage inÔ¨Åltration, endothelial cell and Ô¨Åbroblast proliferation, and cardiac Ô¨Åbrosis after myocardial infarction in mice (96)"
146, Plasma galectin-3 levels are also inversely related to renal function and therefore represents a biomarker for both cardiac Ô¨Åbros,is an,d GFR
147, Proenkephalin A Proenkephalin A ,is an, endogenous opioid secreted by cardiac cells and mediates negative inotropic eÔ¨Äects viathe delta opioid receptor
148, Kidney Tubule: IL-18 Interleukin-18 (IL-18) ,is an, 18-kDa pro-inÔ¨Çammatory cytokine produced by immune cells (e
149, CONCLUSION Cardiorenal syndrome ,is an, increasingly common condition in the aging multimorbid population with signiÔ¨Åcant health burden and few eÔ¨Äective treatments
150," Cystatin C, a novel measure of renal function, ",is an, independent predictor of cardiac events in patients with heart failure
151, Urinary biomarkers in the clinical prognos,is an,d early detection of acute kidney injury
152, Accuracy of neutrophil gelatinase-associated lipocalin (NGAL) in diagnos,is an,d prognosis in acute kidney injury: a systematic review and meta-analysis
153, Combination of urinary kidney injury molecule-1 and interleukin-18 as early biomarker for the diagnos,is an,d progressive assessment of acute kidney injury following cardiopulmonary bypass surgery: a prospective nested case-control study
154, The cleavage of gasdermin D by caspase-11 promotes tubular epithelial cell pyroptos,is an,d urinary IL- 18 excretion in acute kidney injury
155, Urinary IL-18 ,is an, early predictive biomarker of acute kidney injury after cardiac surgery
156, This ,is an, open-access article distributed under the terms of the Creative Commons Attribution License (CC BY)
157, Plasma galectin-3 levels are also inversely related to renal function and therefore ,represents a, biomarker for both cardiac Ô¨Åbrosis and GFR
158," Overall, the TSP-1/CD47 axis ",represents a, promising biomarker and therapeutic target in CRS
159, Lack of the cysteine protease inhibitor cystatin C ,promote,s atherosclerosis in apolipoprotein E-deÔ¨Åcient mice
160, The cleavage of gasdermin D by caspase-11 ,promote,s tubular epithelial cell pyroptosis and urinary IL- 18 excretion in acute kidney injury
161, Activation of parenchymal CD47 ,promote,s renal ischemia-reperfusion injury
162, Thrombospondin-1 activation of signal-regulatory protein- astimulates reactive oxygen species production and ,promote,s renal ischemia reperfusion injury
163," Biomarkers in Cardiorenal Syndrome CLASSIFICATION OF CARDIORENAL SYNDROME Currently, CRS is classiÔ¨Åed into 5 diÔ¨Äerent subtypes ",Based on, the perceived primary precipitant of organ injury: (10) 1
164," In the Renal Optimization Strategies Evaluation‚ÄìAcute Heart Failure (ROSE-HF) trial, protocol-driven aggressive diuresis caused worsening of renal function (WRF), ",Based on," 20% decrease in eGFR using cystatin C, in 21% of participants but was not associated with an increase in kidney tubular injury markers (29)"
165, We have outlined the pathways which each biomarker is associated with as well as indicated biomarkers with the most clinical applicability ,Based on, the evidence quality of existing literature (underline) vs
166," Lastly, urinary NGAL performed 2 days after hospitalization for acute HF diÔ¨Äerentiated true WRF from pseudo-WRF ",Based on, AKI with or without clinical improvement (AUC-ROC 0
167, BIOMARKERS OF CELL CYCLE ARREST Tissue Inhibitor of Metalloproteinase-2 x Insulin-Like Growth Factor-Binding Protein-7 [TIMP2] [IGFBP7] TIMP2 and IGFBP7 are involved in G1 cell-cycle arrest during early phases of cell injury and the product of urinary TIMPIGFBP7 concentrations (NephroCheck) is the Ô¨Årst Food and Drug Administration-approved test to assess the risk of AKI ,Based on, studies in critically ill patients in the intensive care unit (68‚Äì70)
168, Pooled ,analysis of, chronic HF trials (mean eGFR 54‚Äì58 ml/min/1
169, In a meta-,analysis of," NGAL in diagnosing AKI, subgroup analysis of 10 studies reporting cardiac surgery-related AKI demonstrated plasma and/or urinary NGAL moderately predicted AKI (AUC-ROC 0"
170, In microarray ,analysis of," peripheral blood samples, TSP-1 outperformed BNP and cTnT at predicting HF after myocardial infarction (AUC-ROC 0"
171, Comparative ,analysis of, urinary biomarkers for early detection of acute kidney injury following cardiopulmonary bypass
172, Elevated plasma galectin-3 is associated with near-term rehospitalization in heart failure: a pooled ,analysis of, 3 clinical trials
173, L-FABP is ,located, on the renal proximal tubular cells may reduce oxidative stress by binding fatty acid oxidation products (57)
174, Lack of the cysteine protease inhibitor cystatin C ,promotes, atherosclerosis in apolipoprotein E-deÔ¨Åcient mice
175, The cleavage of gasdermin D by caspase-11 ,promotes, tubular epithelial cell pyroptosis and urinary IL- 18 excretion in acute kidney injury
176, Activation of parenchymal CD47 ,promotes, renal ischemia-reperfusion injury
177, Thrombospondin-1 activation of signal-regulatory protein- astimulates reactive oxygen species production and ,promotes, renal ischemia reperfusion injury
178, The pathways involved ,include," hemodynamic dysfunction, neurohormonal activation (primarily the renin-angiotensin-aldosterone system), inÔ¨Çammation and oxidative stress, endothelial dysfunction, and ultimately injury and Ô¨Åbrosis to both heart and kidney"
179, Key suggestions for biomarker use from the 23rd Acute Disease Quality Initiative meeting ,include,"d combining damage and functional biomarkers to identify patients at high- risk of AKI, to improve the diagnostic accuracy of AKI, discriminate AKI etiology, and to assess AKI severity (73)"
180, The complex bi-directional nature of heart and kidney dysfunction is ,referred to," as cardiorenal syndrome, and can be induced by acute or chronic dysfunction of either organ or secondary to systemic diseases"
181,490 ConÔ¨Çict of Interest: The authors declare that the research ,was conducted in, the absence of any commercial or Ô¨Ånancial relationships that could be construed as a potential conÔ¨Çict of interest
182, have a role in the ,Treatment of, CRS require further study
183," In both acute and chronic HF, elevated plasma or urinary cystatin-C was associated with a 2‚Äì3-fold ",increased risk of," all-cause death, independent of serum creatinine or eGFR (19‚Äì22)"
184,05) and was associated with a 14-fold ,increased risk of, all-cause death or HF hospitalization in multivariate analysis (30)
185,6‚Äì2-fold ,increased risk of, all-cause death or HF hospitalization (31‚Äì33)
186,5-fold ,increased risk of, CKD (highest vs lowest tertile) (34)
187,69) and was independently associated with a 27% ,increased risk of, 1-year mortality or HF hospitalization (35)
188, Biomarker Function of biomarker Predictive value (AUC-ROC per outcome)Prognostic value (‚Äúx‚Äù times ,increased risk of, outcome)Involved in the disease mechanism of CRSTargeted treatments References Biomarkers of function (glomerular Ô¨Åltration and integrity) Albuminuria Marker of glomerular injury Unclear Type 2 CRS: -All-cause/CV death or HF hospitalization: 1
189, Biomarkers in Cardiorenal SyndromeTABLE 1 | (Continued) Biomarker Function of biomarker Predictive value (AUC-ROC per outcome)Prognostic value (‚Äúx‚Äù times ,increased risk of," outcome)Involved in the disease mechanism of CRSTargeted treatments References Biomarkers of cardiac damage Plasma cTnT Marker of cardiac myocyte injuryType 4 CRS: -AMI: sensitivity 92‚Äì95%, speciÔ¨Åcity 88‚Äì97% *Type 4 CRS: -CV events: 2‚Äì6 times -All-cause death: not associatedNo No 60‚Äì64 Plasma BNP and NT-proBNPMarker of left ventricular wall stretchType 4 CRS: -All-cause death: 0"
190," In chronic HF, elevated urinary KIM-1 was modestly associated with a 10‚Äì15% ",increased risk of," all-cause death or HF hospitalization but did not predict AKI nor AKI-to-CKD transition in acute HF (22, 47‚Äì49)"
191,2-fold ,increased risk of, long-term mortality (52)
192,2-fold ,increased risk of, HF hospitalizationand 1
193,4-fold ,increased risk of," all-cause death in multivariate models (48, 49)"
194," While troponin levels are elevated in people with CKD due to reduced plasma clearance, elevated cTNT was associated with a 2‚Äì6-fold ",increased risk of," cardiovascular events, (60, 61) but not all-cause death after adjusting for kidney function (62)"
195,6-fold ,increased risk of, all- cause death after adjusting for kidney function (60)
196,3-fold ,increased risk of, all-cause death at 6 months in multivariate analysis (94)
197," In chronic HF, elevated serum syndecan-1 was prognostic in HF with preserved ejection fraction (2-fold ",increased risk of, all-cause death or hospitalization) but not HF with reduced ejection fraction (95)
198, Cardiorenal syndrome type 1: pathophysiological crosstalk ,leading to, combined heart and kidney dysfunction in the setting of acutely decompensated heart failure
199," recently performed RNA sequencing on serial kidney biopsies in an ovine model of acute HF and identiÔ¨Åed 675 diÔ¨Äerentially expressed genes with human homologs that were enriched for 9 pathways, ",of which, IL-1 bwas the top-predicted upstream regulator gene (112)
200, Novel biomarkers ,have the potential to," assist in the diagnosis of cardiorenal syndrome and guide treatment by evaluating the relative roles of implicated pathophysiological pathways such as hemodynamic dysfunction, neurohormonal activation, endothelial dysfunction, inÔ¨Çammation and oxidative stress, and Ô¨Åbrosis"
201," In this review, we propose the TSP-1/CD47 axis, glycocalyx and IL-1 bas promising areas for future research in CRS, which ",have the potential to, prognosticate and direct treatments in this complex condition
202, The pathways ,involved in,"clude hemodynamic dysfunction, neurohormonal activation (primarily the renin-angiotensin-aldosterone system), inÔ¨Çammation and oxidative stress, endothelial dysfunction, and ultimately injury and Ô¨Åbrosis to both heart and kidney"
203, Biomarker Function of biomarker Predictive value (AUC-ROC per outcome)Prognostic value (‚Äúx‚Äù times increased risk of outcome),involved in, the disease mechanism of CRSTargeted treatments References Biomarkers of function (glomerular Ô¨Åltration and integrity) Albuminuria Marker of glomerular injury Unclear Type 2 CRS: -All-cause/CV death or HF hospitalization: 1
204,73Type 1 and 2 CRS: -All-cause death: 2‚Äì3 timesNo No 19‚Äì28 Plasma galectin-3 ,involved in, RAAS-mediated collagen deposition by Ô¨Åbroblasts
205,"6‚Äì2 timesYes RAAS inhibitors, MRAs 30‚Äì33 Plasma proenkephalin A",involved in, opioid receptor-mediated negative inotropic effects
206, Biomarkers in Cardiorenal SyndromeTABLE 1 | (Continued) Biomarker Function of biomarker Predictive value (AUC-ROC per outcome)Prognostic value (‚Äúx‚Äù times increased risk of outcome),involved in," the disease mechanism of CRSTargeted treatments References Biomarkers of cardiac damage Plasma cTnT Marker of cardiac myocyte injuryType 4 CRS: -AMI: sensitivity 92‚Äì95%, speciÔ¨Åcity 88‚Äì97% *Type 4 CRS: -CV events: 2‚Äì6 times -All-cause death: not associatedNo No 60‚Äì64 Plasma BNP and NT-proBNPMarker of left ventricular wall stretchType 4 CRS: -All-cause death: 0"
207,"6 timesYes Diuretics 60, 66‚Äì67 Cell cycle arrest biomarkers Urinary [TIMP2] [IGFBP7]",involved in, G1 cell-cycle arrest during early phases of cell injuryType 1 CRS: -AKI: 0
208," Kidney Tubule: Liver Fatty Acid-Binding Protein (L-FABP), N-Acetyl-Beta- D-Glucosaminidase (NAG) and Urinary Angiotensinogen Fatty-acid binding proteins (FABPs) are a family of 15-kDa cytoplasmic proteins that are ",involved in, the intracellular transport of long-chain fatty acids
209, BIOMARKERS OF CELL CYCLE ARREST Tissue Inhibitor of Metalloproteinase-2 x Insulin-Like Growth Factor-Binding Protein-7 [TIMP2] [IGFBP7] TIMP2 and IGFBP7 are ,involved in, G1 cell-cycle arrest during early phases of cell injury and the product of urinary TIMPIGFBP7 concentrations (NephroCheck) is the Ô¨Årst Food and Drug Administration-approved test to assess the risk of AKI based on studies in critically ill patients in the intensive care unit (68‚Äì70)
210," Interleukin-1 b(IL-1 b) Similar to IL-18, IL-1 bis ",involved in, activation of the NLRP3- inÔ¨Çammasome in myocardial and kidney injury
211, Aldosterone target NGAL (neutrophil gelatinase- associated lipocalin) is ,involved in, cardiac remodeling after myocardial infarction through NF kB pathway
212, Combined HF and CKD is ,associated with, high morbidity and mortality (4‚Äì9)
213," In three large chronic HF trials, microalbuminuria (30‚Äì299 mg/g) and macroalbuminuria (300 mg/g) were ",associated with, a 1
214," In both acute and chronic HF, elevated plasma or urinary cystatin-C was ",associated with," a 2‚Äì3-fold increased risk of all-cause death, independent of serum creatinine or eGFR (19‚Äì22)"
215," In the Renal Optimization Strategies Evaluation‚ÄìAcute Heart Failure (ROSE-HF) trial, protocol-driven aggressive diuresis caused worsening of renal function (WRF), based on 20% decrease in eGFR using cystatin C, in 21% of participants but was not ",associated with, an increase in kidney tubular injury markers (29)
216,05) and was ,associated with, a 14-fold increased risk of all-cause death or HF hospitalization in multivariate analysis (30)
217,73 m2) showed elevated galectin-3 was ,associated with, a 1
218, We have outlined the pathways which each biomarker is ,associated with, as well as indicated biomarkers with the most clinical applicability based on the evidence quality of existing literature (underline) vs
219, GFR and ,associated with, a 1
220,69) and was independently ,associated with, a 27% increased risk of 1-year mortality or HF hospitalization (35)
221," In acute HF, plasma and urinary NGAL were ",associated with, a 1
222,"93), (22) was ",associated with," a 5-fold risk of AKI, (46) but failed to predict AKI-to-CKD transition (47)"
223," In chronic HF, elevated urinary KIM-1 was modestly ",associated with," a 10‚Äì15% increased risk of all-cause death or HF hospitalization but did not predict AKI nor AKI-to-CKD transition in acute HF (22, 47‚Äì49)"
224, lowest tertile) was ,associated with," a doubling of 3-year mortality risk, independent of post-operative AKI (52)"
225," In acute HF, elevated urinary IL-18 was ",associated with, a 3
226,"73 at 24 h), (56) which was superior to clinical models using eGFR, (42) and was ",associated with, a modest 1
227," In chronic HF, elevated urinary NAG was also ",associated with, a 1
228," While troponin levels are elevated in people with CKD due to reduced plasma clearance, elevated cTNT was ",associated with," a 2‚Äì6-fold increased risk of cardiovascular events, (60, 61) but not all-cause death after adjusting for kidney function (62)"
229," While NT-proBNP is elevated in people with CKD, elevated NT-proBNP was still ",associated with, a 1
230, NT-proBNP kinetics may have improved clinical utility in the CKD population with a doubling of NT-proBNP ,associated with, a 1
231,"788), and was ",associated with, a 1
232, Worsening renal function in patients with acute heart failure undergoing aggressive diuresis is not ,associated with, tubular injury
233, Elevated plasma galectin-3 is ,associated with, near-term rehospitalization in heart failure: a pooled analysis of 3 clinical trials
234, Tubular damage in chronic systolic heart failure is ,associated with, reduced survival independent of glomerular Ô¨Åltration rate
235, High-sensitive troponin T and N-terminal pro-B type natriuretic peptide are ,associated with, cardiovascular events despite the cross-sectional association with albuminuria and glomerular Ô¨Åltration rate
236, Plasma thrombospondin-1 is increased during acute sickle cell vaso-occlusive events and ,associated with," acute chest syndrome, hydroxyurea therapy, and lower hemolytic rates"
237, biomarkers requiring further research and ,validation in, larger cohort of patients with cardiorenal syndrome (italics)
238, Understanding the clinical biochemistry of N-terminal pro-B-type natriuretic peptide: the pre,requisite for, its optimal clinical use
239," In this review, we ",assess the," utility of biomarkers that correlate with kidney and cardiac (dys)function, inÔ¨Çammation/oxidative stress, Ô¨Åbrosis, and cell cycle arrest, as well as emerging novel biomarkers (thrombospondin-1/CD47, glycocalyx and interleukin-1 b) that may provide prediction and prognostication of cardiorenal syndrome, and guide potential development of targeted therapeutics"
240, BIOMARKERS OF CELL CYCLE ARREST Tissue Inhibitor of Metalloproteinase-2 x Insulin-Like Growth Factor-Binding Protein-7 [TIMP2] [IGFBP7] TIMP2 and IGFBP7 are involved in G1 cell-cycle arrest during early phases of cell injury and the product of urinary TIMPIGFBP7 concentrations (NephroCheck) is the Ô¨Årst Food and Drug Administration-approved test to ,assess the, risk of AKI based on studies in critically ill patients in the intensive care unit (68‚Äì70)
241," Alexander1,7 1Centre for Kidney Research, The Children‚Äôs Hospital at Westmead, Westmead, NSW, Australia,2Centre for Transplant and Renal Research, Westmead Institute for Medical Research, Westmead, NSW, Australia,3Faculty of Science, University of New South Wales, Kensington, NSW, Australia,4Department of Nephrology, Prince of Wales Hospital, Randwick, NSW, Australia,5Faculty of Medicine, University of New South Wales, Kensington, NSW, Australia,6Department of Renal Medicine, Westmead Hospital, Westmead, NSW, Australia,7Department of Nephrology, The Children‚Äôs Hospital at Westmead, Westmead, NSW, Australia Heart and kidney failure ",often, co-exist and confer high morbidity and mortality
